<?xml version="1.0"?>
<cse>
<students>
<rollno>501</rollno>
<name>ABC</name>
<percentage>65%</percentage>
</students>
<students>
<rollno>502</rollno>
<name>DEF</name>
<percentage>67%</percentage>
</students>
<students>
<rollno>503</rollno>
<name>GHI</name>
<percentage>69%</percentage>
</students>
<students>
<rollno>504</rollno>
<name>JKL</name>
<percentage>65%</percentage>
</students>
<students>
<rollno>505</rollno>
<name>MNO</name>
<percentage>73%</percentage>
</students>
<students>
<rollno>506</rollno>
<name>PQR</name>
<percentage>74%</percentage>
</students>
<students>
<rollno>507</rollno>
<name>stu</name>
<percentage>65%</percentage>
</students>
<students>
<rollno>508</rollno>
<name>VWX</name>
<percentage>70%</percentage>
</students>
<students>
<rollno>509</rollno>
<name>YZ</name>
<percentage>72%</percentage>
</students>
<students>
<rollno>510</rollno>
<name>PQR</name>
<percentage>75%</percentage>
</students>
</cse>